city,lon,lat,q1pyes,q2pyes,q3pyes,q4pyes,q5pyes
ABBOT,-69.4523477,45.1861838,0.319480519,0.286096257,0.406914894,0.575197889,0.388888889
ACTON,-70.9277544,43.5233821,0.498498498,0.457943925,0.616512346,0.68591224,0.573085847
ADDISON,-67.7441645,44.6184102,0.411167513,0.366666667,0.486013986,0.673647469,0.444639719
ALBANY,-70.8456252,44.3325657,0.557553957,0.448529412,0.682481752,0.735294118,0.575645756
ALBION,-69.4425423,44.5322902,0.337560976,0.359879032,0.488023952,0.622244489,0.491935484
ALEXANDER,-67.4683278,45.0886862,0.289655172,0.398601399,0.482517483,0.671328671,0.476868327
ALFRED,-70.7161687,43.4764994,0.499425947,0.467300832,0.636894337,0.726846424,0.60094451
ALLAGASH,-69.0417481,47.0833103,0.320895522,0.464,0.48,0.784615385,0.595238095
ALNA,-69.6036567,44.1061869,0.594771242,0.487640449,0.634361233,0.68722467,0.593333333
ALTON,-68.7286452,45.0314546,0.390243902,0.42247191,0.561521253,0.708240535,0.529017857
AMHERST,-68.3640454,44.8323419,0.479166667,0.408450704,0.51048951,0.65034965,0.493055556
AMITY,-67.8493379,45.9305781,0.212121212,0.344086022,0.489361702,0.568421053,0.431578947
ANDOVER,-70.7511813,44.6356166,0.383858268,0.359183673,0.542682927,0.682186235,0.474437628
ANSON,-69.8892408,44.7983618,0.361390668,0.376635514,0.549074074,0.701657459,0.564411492
APPLETON,-69.2508768,44.289243,0.4718398,0.424281984,0.585806452,0.644046095,0.507792208
ARROWSIC,-69.7781014,43.8498037,0.657492355,0.573208723,0.706790123,0.777089783,0.690402477
ARUNDEL,-70.5141622,43.4243008,0.545089286,0.448753463,0.621323529,0.682949309,0.596118299
ASHLAND,-68.3895276,46.6609983,0.342806394,0.463821892,0.501831502,0.750915751,0.641681901
ATHENS,-69.6728296,44.9231142,0.396313364,0.368674699,0.496420048,0.623809524,0.497584541
ATKINSON,-69.0910809,45.1868588,0.307692308,0.251396648,0.344444444,0.558659218,0.331460674
AUBURN,-70.2311655,44.0978509,0.510977337,0.460957408,0.575889615,0.699248801,0.624600785
AUGUSTA,-69.7794897,44.3106241,0.503299204,0.48719143,0.605355064,0.766963357,0.665891112
AURORA,-68.3166626,44.8587319,0.28125,0.285714286,0.532258065,0.53968254,0.333333333
AVON,-70.2711766,44.8061682,0.416666667,0.329059829,0.493617021,0.645299145,0.463519313
BAILEYVILLE,-67.441251,45.1815281,0.360446571,0.462662338,0.493548387,0.745980707,0.607431341
BALDWIN,-70.7781171,43.8331978,0.393401015,0.364351245,0.549350649,0.631578947,0.502604167
BANGOR,-68.7712257,44.8016128,0.581125716,0.528068705,0.587752525,0.761656228,0.688174303
BARING,-67.3116215,45.133367,0.336448598,0.514285714,0.519607843,0.692307692,0.558823529
BATH,-69.8206023,43.9106353,0.616736218,0.548423423,0.673684211,0.753409345,0.716632906
BEALS,-67.615038,44.5198491,0.34057971,0.428015564,0.594594595,0.79389313,0.571428571
BEDDINGTON,-68.0619547,44.8481283,0.289473684,0.473684211,0.5,0.710526316,0.5
BELFAST,-69.0064234,44.4259092,0.601175483,0.552669553,0.642138546,0.676901004,0.675028835
BELGRADE,-69.8321003,44.4466514,0.470964305,0.451437873,0.590048675,0.71574973,0.571351351
BELMONT,-69.111907,44.3776275,0.46090535,0.43220339,0.55,0.669438669,0.56512605
BENTON,-69.5508778,44.586177,0.37150838,0.393982808,0.543121882,0.692198582,0.560801144
BERWICK,-70.8635506,43.2683199,0.521052632,0.485664639,0.648462202,0.741230592,0.643166715
BETHEL,-70.7898806,44.4044586,0.570663094,0.513623978,0.655870445,0.757229321,0.623139378
BIDDEFORD,-70.4533844,43.4925843,0.566235111,0.488456996,0.587201201,0.702457265,0.680871619
BINGHAM,-69.8823059,45.0586793,0.366013072,0.397260274,0.5625,0.710467706,0.617977528
BLAINE,-67.8686274,46.5047594,0.229916898,0.358823529,0.429411765,0.66374269,0.535294118
BOOTHBAY,-69.6337364,43.8762865,0.555167249,0.532924962,0.647237709,0.738998483,0.632008155
BOWDOIN,-69.9696243,44.0495825,0.39839407,0.4032974,0.55185418,0.630188679,0.505063291
BOWDOINHAM,-69.8968927,44.0091821,0.577854671,0.491505565,0.645857643,0.72063121,0.622144112
BOWERBANK,-69.2547818,45.3156873,0.321428571,0.333333333,0.452380952,0.564705882,0.352941176
BRADFORD,-68.9366104,45.0671376,0.331658291,0.383820998,0.572164948,0.672413793,0.505136986
BRADLEY,-68.6276101,44.9167519,0.456050955,0.458498024,0.552042161,0.721932115,0.600525624
BREMEN,-69.4026747,43.992866,0.495967742,0.483333333,0.637113402,0.742857143,0.615062762
BREWER,-68.7614246,44.7967378,0.489771833,0.451325643,0.528014616,0.710950081,0.634260199
BRIDGEWATER,-67.8433564,46.427822,0.269896194,0.390070922,0.478873239,0.691489362,0.505338078
BRIDGTON,-70.7128684,44.0548021,0.511991279,0.482823002,0.623415362,0.725388601,0.614925373
BRIGHTON,-69.6947755,45.0453339,0.266666667,0.292682927,0.585365854,0.634146341,0.5
BRISTOL,-69.4954131,43.9248053,0.55959709,0.569133678,0.680225989,0.75,0.612700229
BROOKLIN,-68.5691898,44.2661906,0.629824561,0.531418312,0.680926916,0.748214286,0.644524237
BROOKS,-69.120873,44.5503501,0.450191571,0.374753452,0.467455621,0.564705882,0.483234714
BROOKSVILLE,-68.6847872,44.3469906,0.652841782,0.5152,0.630744849,0.679304897,0.679304897
BROWNFIELD,-70.9086768,43.9381275,0.531755915,0.428015564,0.658097686,0.713917526,0.558558559
BROWNVILLE,-69.03339,45.3070685,0.366619116,0.348529412,0.531884058,0.693083573,0.561863173
BRUNSWICK,-69.966996,43.9140162,0.673376184,0.602628285,0.695068057,0.792706674,0.738675958
BUCKFIELD,-70.3653359,44.2895134,0.396226415,0.31154239,0.488798371,0.582828283,0.449186992
BUCKSPORT,-68.7701224,44.6289696,0.510446538,0.453781513,0.544847726,0.6975,0.586666667
BURLINGTON,-68.4266875,45.2092264,0.320441989,0.356321839,0.435028249,0.632768362,0.438202247
BURNHAM,-69.4292308,44.6927723,0.380872483,0.320689655,0.482817869,0.691252144,0.546551724
BUXTON,-70.5189422,43.6378583,0.490154211,0.434446057,0.6136637,0.681334623,0.569264069
BYRON,-70.6306241,44.7220034,0.3625,0.417721519,0.5875,0.65,0.5625
CALAIS,-67.2786038,45.1889633,0.454545455,0.499295775,0.533286615,0.756588072,0.647798742
CAMBRIDGE,-69.4739368,45.0242231,0.267657993,0.294339623,0.443609023,0.594795539,0.473880597
CAMDEN,-69.0647838,44.2097928,0.697265011,0.669004676,0.753509631,0.799274885,0.763600396
CANAAN,-69.5614376,44.7617295,0.414,0.380020597,0.544252289,0.682604273,0.549948507
CANTON,-69.4454689,45.253783,0.357438017,0.361290323,0.530398323,0.625792812,0.528541226
CARATUNK,-69.9903474,45.2335733,0.36,0.416666667,0.666666667,0.645833333,0.458333333
CARMEL,-69.0511537,44.7975688,0.359972678,0.365819209,0.497540408,0.664565826,0.501410437
CARROLL,-68.0366118,45.4144799,0.154761905,0.231707317,0.493975904,0.56626506,0.34939759
CARTHAGE,-70.4734195,44.6240737,0.338645418,0.334693878,0.601626016,0.634146341,0.479508197
CARY,-67.8619616,45.995333,0.160714286,0.302752294,0.387387387,0.5625,0.440366972
CASCO,-70.5211945,43.969246,0.502057613,0.44,0.628125,0.687958115,0.551814834
CASTINE,-68.7989582,44.3888609,0.663244353,0.733333333,0.7125,0.810810811,0.756813417
CASWELL,-67.8644525,46.9811169,0.328467153,0.477941176,0.525925926,0.826086957,0.676258993
CHAPMAN,-68.1608669,46.6480974,0.356275304,0.510288066,0.619834711,0.768595041,0.626556017
CHARLESTON,-69.0405949,45.0850615,0.235820896,0.283333333,0.424012158,0.585626911,0.43404908
CHARLOTTE,-67.2452664,45.0211881,0.283236994,0.408284024,0.467065868,0.742690058,0.552941176
CHELSEA,-69.7172658,44.2503474,0.397178916,0.40777439,0.541603631,0.689629069,0.558510638
CHERRYFIELD,-67.9258366,44.6072991,0.377740304,0.388193202,0.532976827,0.697345133,0.531194296
CHESTER,-68.4997474,45.4086674,0.210714286,0.3099631,0.391941392,0.56884058,0.384615385
CHESTERVILLE,-70.0861692,44.5511745,0.427286357,0.398176292,0.590288316,0.676248109,0.551145038
CHINA,-69.5172641,44.4786791,0.437637726,0.452209197,0.568161435,0.700625559,0.564021641
CLIFTON,-68.511138,44.8167372,0.482608696,0.360801782,0.495535714,0.616071429,0.473214286
CLINTON,-69.5031267,44.637828,0.411320755,0.422336329,0.556488057,0.71025641,0.582846004
COLUMBIA,-67.8039998,44.669418,0.357843137,0.275,0.426470588,0.607843137,0.396039604
COOPER,-67.4397144,44.959521,0.419354839,0.491803279,0.488,0.677419355,0.532258065
COPLIN,-70.4697339,45.0987282,0.544303797,0.3125,0.670886076,0.708860759,0.576923077
CORINNA,-69.2617131,44.921174,0.291896869,0.367231638,0.483146067,0.677902622,0.513666352
CORINTH,-68.9991802,44.9861321,0.282530554,0.355439642,0.471810089,0.668630339,0.483655275
CORNISH,-70.8011731,43.8047977,0.462151394,0.41563786,0.586956522,0.691156463,0.589603283
CORNVILLE,-69.6731067,44.8367272,0.381165919,0.36,0.514503817,0.659606657,0.501529052
CRAWFORD,-67.5513796,45.0528624,0.206349206,0.435483871,0.483870968,0.634920635,0.516129032
CRYSTAL,-68.3603059,45.9592186,0.281690141,0.402985075,0.422222222,0.717391304,0.536231884
CUMBERLAND,-70.2585205,43.796573,0.663449692,0.567164179,0.65209205,0.748013384,0.676761304
CUSHING,-69.2614502,44.0137798,0.463592233,0.438216561,0.595238095,0.721598002,0.561626429
CUTLER,-67.2038737,44.6575794,0.386861314,0.348837209,0.423076923,0.583969466,0.428015564
CYR,-67.9992115,47.0968485,0.23255814,0.372093023,0.488372093,0.704545455,0.441860465
DALLAS,-70.5559011,44.9969997,0.524444444,0.543778802,0.660633484,0.783783784,0.678733032
DAMARISCOTTA,-69.5188885,44.0328765,0.589093702,0.583400483,0.673000792,0.77104642,0.6738437
DAYTON,-70.5704598,43.5358694,0.500441306,0.40469738,0.572327044,0.642152466,0.524368231
DEBLOIS,-68.0147304,44.7414636,0.296296296,0.296296296,0.555555556,0.692307692,0.423076923
DEDHAM,-68.6582536,44.6931707,0.523300971,0.451676529,0.543137255,0.67745098,0.551282051
DENMARK,-70.8033966,43.9703491,0.516616314,0.449367089,0.620904836,0.719626168,0.561708861
DENNISTOWN,-70.2831241,45.6769905,0.375,0.25,0.6,0.333333333,0.266666667
DETROIT,-69.2960151,44.7927823,0.409090909,0.330749354,0.5078125,0.694087404,0.5374677
DEXTER,-69.2898156,45.023918,0.34691358,0.403587444,0.521711367,0.69761606,0.569620253
DIXFIELD,-70.4563366,44.5313932,0.401581028,0.373572594,0.52404238,0.664781906,0.52601626
DIXMONT,-69.1628221,44.6803471,0.435158501,0.331369661,0.477941176,0.60058309,0.478581979
DOVER-FOXCROFT,-69.2270821,45.1833421,0.417102138,0.429679922,0.515784361,0.680676329,0.564015519
DRESDEN,-69.7242215,44.1070945,0.470119522,0.414609053,0.582317073,0.68597561,0.553735926
DREW,-68.0942848,45.6013167,0.15,0.5,0.705882353,0.764705882,0.5
DURHAM,-70.1229905,43.972476,0.504559271,0.375502906,0.565333333,0.646482636,0.496210432
EASTBROOK,-68.2644618,44.6786857,0.393518519,0.374407583,0.5,0.688679245,0.521327014
EASTON,-67.9098848,46.6410887,0.304545455,0.47611465,0.492822967,0.742496051,0.588235294
EASTPORT,-66.9899785,44.9061906,0.520334928,0.523399015,0.621359223,0.793939394,0.762135922
EDDINGTON,-68.6935362,44.8265844,0.426656151,0.357664234,0.474919094,0.617552335,0.499594485
EDGECOMB,-69.630602,43.9584129,0.568393094,0.497275204,0.611859838,0.714477212,0.59383378
EDINBURG,-68.6903078,45.1764474,0.38028169,0.376811594,0.397058824,0.594202899,0.426470588
ELIOT,-70.8000544,43.1531427,0.621379134,0.553151709,0.716134143,0.788665254,0.7104843
ELLSWORTH,-68.4194641,44.5434095,0.522085259,0.428196377,0.534016286,0.699031667,0.591675448
EMBDEN,-69.8667244,44.9181137,0.344969199,0.312633833,0.478813559,0.617154812,0.472689076
ENFIELD,-68.5658766,45.248726,0.304123711,0.35667107,0.484293194,0.675324675,0.490221643
ETNA,-69.111155,44.8209007,0.357963875,0.333333333,0.45,0.610738255,0.464646465
EUSTIS,-70.438713,45.1402374,0.407008086,0.43258427,0.624309392,0.671270718,0.56302521
EXETER,-69.1225343,44.9621841,0.332727273,0.37732342,0.529411765,0.685082873,0.54174397
FAIRFIELD,-69.5986469,44.5884052,0.453228346,0.446555055,0.5785416,0.714376997,0.590353698
FALMOUTH,-70.2601759,43.7435343,0.678795149,0.578324852,0.671117166,0.764185603,0.725181432
FARMINGDALE,-69.7714428,44.2443842,0.470182046,0.452854394,0.599356913,0.742511154,0.630154639
FARMINGTON,-70.1512169,44.6704998,0.58660214,0.519383962,0.658355438,0.731559536,0.662316911
FAYETTE,-70.0336654,44.4089558,0.448787062,0.416897507,0.593103448,0.649243466,0.530470914
FRANKFORT,-68.8744635,44.6086733,0.356589147,0.387878788,0.459405941,0.643564356,0.493013972
FRANKLIN,-68.2316054,44.5874877,0.471311475,0.386685552,0.538247566,0.701803051,0.565217391
FREEDOM,-69.2967536,44.5298272,0.506234414,0.436692506,0.595360825,0.640102828,0.580729167
FREEPORT,-70.1031201,43.8570065,0.675563464,0.550736498,0.687399031,0.739359546,0.670873194
FRENCHBORO,-68.3625166,44.1181384,0.487179487,0.487179487,0.615384615,0.820512821,0.692307692
FRENCHVILLE,-68.3797648,47.2808734,0.283557047,0.512908778,0.528205128,0.831918506,0.679117148
FRIENDSHIP,-69.3341229,43.9838019,0.322535211,0.417549168,0.580118694,0.680534918,0.538694992
FRYEBURG,-70.9806357,44.0164329,0.552173913,0.494851995,0.646419437,0.773680865,0.602448454
GARDINER,-69.7753222,44.2300698,0.511398435,0.460471567,0.593243709,0.694874441,0.646426093
GARFIELD,-68.4973291,46.6014312,0.28,0.395833333,0.458333333,0.770833333,0.458333333
GARLAND,-69.1603206,45.0383951,0.375,0.367537313,0.490636704,0.602230483,0.50094162
GEORGETOWN,-69.752359,43.8021196,0.592339261,0.531073446,0.675524476,0.733612273,0.656381487
GILEAD,-70.9727112,44.3940915,0.482758621,0.481818182,0.580357143,0.752212389,0.666666667
GLENBURN,-68.8457461,44.9168621,0.415716612,0.398918469,0.501044714,0.676091476,0.526117844
GLENWOOD,-68.1107653,45.8031249,0.333333333,0.166666667,0.833333333,0.833333333,0.833333333
GORHAM,-70.4442252,43.6795314,0.602089585,0.512826412,0.632121976,0.71539961,0.634137891
GOULDSBORO,-68.039543,44.47852,0.524152107,0.407991588,0.560209424,0.746361746,0.550052687
GRAY,-70.3317195,43.885632,0.543041927,0.472718936,0.627258175,0.69372862,0.597563778
GREENBUSH,-68.6508635,45.0803409,0.317741935,0.300330033,0.425,0.57641196,0.424040067
GREENE,-70.1403313,44.189794,0.398286938,0.356859285,0.542343133,0.616965457,0.481497797
GREENVILLE,-69.5905814,45.4594863,0.384888889,0.378649635,0.549143372,0.629928315,0.483197094
GREENWOOD,-70.6508978,44.3184011,0.509302326,0.491841492,0.617715618,0.72960373,0.587006961
GUILFORD,-69.3844783,45.1689375,0.379166667,0.341007194,0.452312139,0.637535817,0.492063492
HALLOWELL,-69.7908786,44.2859022,0.688513952,0.608579088,0.710738255,0.824933687,0.762256548
HAMLIN,-67.7939057,47.065878,0.252631579,0.445652174,0.425531915,0.726315789,0.621052632
HAMMOND,-67.9177143,46.1949948,0.270833333,0.340425532,0.479166667,0.617021277,0.541666667
HAMPDEN,-68.8370436,44.7445421,0.524073182,0.472889329,0.55659911,0.725263933,0.615650457
HANCOCK,-68.2537463,44.5291357,0.486042693,0.381478335,0.536340852,0.675270608,0.524091293
HANOVER,-70.6942351,44.4967315,0.438271605,0.537974684,0.563291139,0.698717949,0.570512821
HARMONY,-69.5461603,44.9739462,0.331828442,0.332541568,0.461716937,0.618266979,0.454117647
HARPSWELL,-69.9598343,43.7864342,0.590610048,0.599938688,0.69118541,0.774750227,0.686298444
HARRINGTON,-67.8109953,44.6193327,0.370860927,0.372413793,0.510250569,0.636986301,0.474770642
HARRISON,-70.6792289,44.1103479,0.524244554,0.456709957,0.5961401,0.675753228,0.551624549
HARTFORD,-70.346726,44.372845,0.393782383,0.363796134,0.561954625,0.657940663,0.514991182
HARTLAND,-69.512853,44.8965211,0.326555024,0.306196841,0.415853659,0.645985401,0.465853659
HAYNESVILLE,-67.9911283,45.8261688,0.224137931,0.379310345,0.49122807,0.672413793,0.526315789
HEBRON,-70.4064465,44.1981261,0.470672389,0.38856305,0.589519651,0.638483965,0.520588235
HERMON,-68.9133724,44.81007,0.381110742,0.376402584,0.478525533,0.681101041,0.504230118
HERSEY,-68.4341636,46.0733805,0.228571429,0.294117647,0.352941176,0.588235294,0.393939394
HIGHLAND,-70.0617497,45.0751866,0.271028037,0.179245283,0.476635514,0.504672897,0.401869159
HIRAM,-70.8322512,43.8350627,0.475862069,0.437229437,0.624641834,0.675250358,0.564028777
HODGDON,-67.8497604,46.0612772,0.208406305,0.329020333,0.438888889,0.630236794,0.47858473
HOLDEN,-68.6789218,44.7528499,0.449245185,0.393157895,0.482613277,0.642894599,0.53298153
HOLLIS,-70.6208974,43.6346754,0.519279128,0.45919244,0.646908316,0.731998296,0.581475129
HOPE,-69.1589421,44.2650248,0.579339723,0.467258602,0.631057269,0.699669967,0.57730812
HOULTON,-67.8402316,46.1261806,0.367134269,0.450476585,0.527490699,0.730627306,0.63583815
HOWLAND,-68.6588563,45.2431227,0.348623853,0.422647528,0.533333333,0.717425432,0.594637224
HUDSON,-68.8805923,45.0011783,0.346414073,0.366946779,0.504189944,0.645340751,0.506276151
INDUSTRY,-70.0599702,44.7473347,0.435555556,0.425925926,0.558558559,0.669662921,0.525
ISLESBORO,-68.9085778,44.2938855,0.657074341,0.547029703,0.640586797,0.584951456,0.626865672
JACKMAN,-70.2521511,45.6240392,0.342629482,0.319755601,0.553752535,0.683026585,0.511247444
JACKSON,-69.1208748,44.6147933,0.447183099,0.405797101,0.572463768,0.630824373,0.518248175
JAY,-70.2161924,44.5039265,0.374704492,0.427662957,0.530555556,0.67878309,0.580261593
JEFFERSON,-69.4525442,44.2067419,0.400699301,0.43202847,0.576295245,0.66407355,0.494293866
JONESBORO,-67.5724938,44.6625773,0.436170213,0.453874539,0.549450549,0.694244604,0.52014652
JONESPORT,-67.6030098,44.5310454,0.37987013,0.413379074,0.550505051,0.710217755,0.528716216
KENDUSKEAG,-68.9317049,44.9195128,0.410459588,0.403536977,0.551612903,0.685393258,0.522653722
KENNEBUNK,-70.54399,43.3845306,0.627427547,0.584799875,0.685190887,0.765957447,0.720179929
KENNEBUNKPORT,-70.4767274,43.3617327,0.628023353,0.642948993,0.737043331,0.794567063,0.741755889
KINGFIELD,-70.1539542,44.9592231,0.520766773,0.476744186,0.619047619,0.745484401,0.628333333
KINGMAN,-68.1994627,45.5495057,0.089552239,0.140625,0.338461538,0.53125,0.28125
KITTERY,-70.736137,43.0881256,0.67696097,0.566426571,0.732480315,0.806845004,0.755154639
KNOX,-69.2133749,44.517294,0.376590331,0.313672922,0.414893617,0.541333333,0.382978723
LAGRANGE,-68.8447783,45.1668297,0.359756098,0.411214953,0.50625,0.698757764,0.477987421
LAKEVILLE,-68.0647964,45.3168704,0.4,0.4125,0.6125,0.734177215,0.481012658
LAMOINE,-68.3191852,44.4911002,0.52975048,0.446850394,0.551420176,0.735150925,0.602564103
LEBANON,-70.919379,43.4006697,0.437349811,0.4229013,0.64416315,0.71048951,0.598804501
LEE,-68.2864076,45.3600615,0.298245614,0.33256351,0.426940639,0.62639821,0.433179724
LEEDS,-70.1194984,44.3034024,0.409597258,0.362753751,0.556628622,0.642545772,0.483613818
LEVANT,-68.9347611,44.8692358,0.375171468,0.356442577,0.468265162,0.631136045,0.471045198
LEWISTON,-70.2147764,44.100351,0.471218038,0.462562287,0.568630012,0.70044369,0.645243878
LIBERTY,-69.3026507,44.3893688,0.491902834,0.389937107,0.521649485,0.627329193,0.560416667
LIMERICK,-70.7936719,43.6884112,0.492329149,0.469269704,0.575976845,0.694024478,0.587427746
LIMESTONE,-67.825816,46.9086023,0.428899083,0.550058893,0.559440559,0.801633606,0.727379553
LIMINGTON,-70.7108924,43.7317442,0.458836443,0.405574516,0.573612684,0.652542373,0.539249147
LINCOLN,-68.5050006,45.3622301,0.349278351,0.360371779,0.439797212,0.647132692,0.482352941
LINCOLNVILLE,-69.0087018,44.2811973,0.608022519,0.541218638,0.655294954,0.724285714,0.634269258
LINNEUS,-67.9600193,46.038665,0.230248307,0.351415094,0.539007092,0.68957346,0.578571429
LISBON,-70.1043704,44.0316013,0.427727369,0.405559203,0.543062201,0.68673913,0.585995624
LITCHFIELD,-69.93356,44.1740739,0.430467091,0.350565428,0.502949062,0.63927428,0.496514745
LITTLETON,-67.8411308,46.2308838,0.259656652,0.42920354,0.471365639,0.698689956,0.544052863
LIVERMORE,-70.2081176,44.4078297,0.350949628,0.390572391,0.516835017,0.649078727,0.486486486
LOVELL,-70.8930466,44.1255995,0.534848485,0.538461538,0.67192429,0.788976378,0.625199362
LOWELL,-68.4667778,45.1874242,0.319796954,0.286458333,0.355670103,0.592783505,0.393782383
LUBEC,-66.9835907,44.8585863,0.479949875,0.477748691,0.556274256,0.753826531,0.636129032
LUDLOW,-67.957546,46.1480225,0.311111111,0.310810811,0.461883408,0.653153153,0.502242152
LYMAN,-70.6379682,43.5050963,0.499573379,0.440798226,0.606406319,0.680088496,0.571240106
MACHIAS,-67.461376,44.7150789,0.482204363,0.47794994,0.572941176,0.750885478,0.638095238
MACHIASPORT,-67.3955242,44.6972521,0.371428571,0.42217484,0.586353945,0.697674419,0.569296375
MACWAHOC,-68.2627986,45.6283921,0.212765957,0.372093023,0.659090909,0.818181818,0.720930233
MADAWASKA,-68.3217027,47.3553154,0.320289855,0.507334345,0.533902562,0.816782522,0.708917836
MADISON,-69.8797486,44.7975466,0.391200383,0.394567901,0.531003937,0.691556857,0.582638548
MAGALLOWAY,-71.0004465,44.8543365,0.357142857,0.142857143,0.071428571,0.571428571,0.214285714
MANCHESTER,-69.8603256,44.324513,0.518401015,0.503625577,0.600649351,0.736398964,0.626459144
MAPLETON,-68.1616248,46.6818041,0.320895522,0.386167147,0.507633588,0.685361217,0.530592734
MARIAVILLE,-68.4155785,44.7206287,0.437275986,0.398523985,0.511029412,0.650735294,0.452205882
MARSHFIELD,-67.4774923,44.7331326,0.393103448,0.39084507,0.426056338,0.679442509,0.535211268
MASARDIS,-68.3611507,46.5036534,0.37007874,0.420634921,0.452054795,0.706349206,0.58677686
MATTAWAMKEAG,-68.3544669,45.5136701,0.281012658,0.387434555,0.513157895,0.739130435,0.558746736
MAXFIELD,-68.7522632,45.2833559,0.339285714,0.232142857,0.285714286,0.553571429,0.381818182
MEDDYBEMPS,-67.3558247,45.0384096,0.252631579,0.380434783,0.408602151,0.677419355,0.543478261
MEDFORD,-68.8517011,45.2853307,0.393939394,0.310606061,0.442748092,0.534351145,0.427480916
MEDWAY,-68.5298394,45.6122644,0.256446991,0.323353293,0.41037037,0.663265306,0.485207101
MERCER,-69.9364462,44.6781171,0.430517711,0.366666667,0.513736264,0.664850136,0.497237569
MERRILL,-68.2322503,46.164217,0.328125,0.344262295,0.536,0.617886179,0.5
MEXICO,-70.5433579,44.5571093,0.432997676,0.461054288,0.643642072,0.750586396,0.670321065
MILBRIDGE,-67.8808344,44.5353556,0.438003221,0.438538206,0.557755776,0.733224223,0.592409241
MILFORD,-68.6439667,44.946216,0.481092437,0.464516129,0.557803468,0.714590747,0.627956989
MILLINOCKET,-68.7098119,45.6572639,0.368466899,0.465425532,0.519733925,0.728514764,0.604157452
MILO,-68.986263,45.2533339,0.361359571,0.413443831,0.508256881,0.712727273,0.592117324
MINOT,-70.3471228,44.1563223,0.421646746,0.381275441,0.531929348,0.62145749,0.471147318
MONMOUTH,-70.0356069,44.238682,0.492988606,0.458259325,0.592163847,0.687195392,0.573398577
MONROE,-69.018094,44.6150724,0.560416667,0.443965517,0.613107822,0.646934461,0.572033898
MONSON,-69.5011619,45.2869936,0.365339578,0.311594203,0.485645933,0.572792363,0.477218225
MONTICELLO,-67.8425211,46.3083815,0.248081841,0.404312668,0.490566038,0.688,0.549865229
MONTVILLE,-69.2803202,44.4372947,0.597069597,0.438596491,0.584615385,0.6,0.572533849
MORO,-68.3594763,46.1486604,0.038461538,0.04,0.28,0.24,0.16
MORRILL,-69.1492059,44.4431297,0.44534413,0.383647799,0.527196653,0.63256785,0.510504202
MOSCOW,-69.8910751,45.0713866,0.273809524,0.447698745,0.520661157,0.668032787,0.543209877
NAPLES,-70.6180214,43.986313,0.486704653,0.433495146,0.611838913,0.693907157,0.5460302
NEWBURGH,-69.0003898,44.7173675,0.463990555,0.404674047,0.516687268,0.682481752,0.544895449
NEWCASTLE,-69.5386186,44.0365242,0.644125106,0.590034965,0.678663239,0.749571184,0.667530225
NEWFIELD,-70.8470062,43.6481341,0.483160622,0.42147651,0.61892247,0.689881735,0.552
NEWPORT,-69.2852859,44.8370741,0.388012618,0.360877986,0.476497102,0.688419706,0.540836013
NEWRY,-70.7885765,44.4884245,0.612068966,0.473451327,0.635964912,0.759825328,0.568281938
NOBLEBORO,-69.4851938,44.0795596,0.521383076,0.489120151,0.626281454,0.720519963,0.560677328
NORRIDGEWOCK,-69.7905955,44.7130794,0.402930403,0.40025413,0.524020228,0.679422836,0.556119214
NORTHFIELD,-67.5705504,44.8289649,0.489130435,0.460674157,0.566666667,0.655555556,0.561797753
NORTHPORT,-68.9613175,44.3377823,0.555084746,0.489247312,0.596359743,0.64882227,0.595059076
NORWAY,-70.5448096,44.2139566,0.4890865,0.440635452,0.568570238,0.697972693,0.577981651
OAKFIELD,-68.1589208,46.1007097,0.282967033,0.390934844,0.485795455,0.676966292,0.528248588
OAKLAND,-69.721995,44.5402221,0.459637046,0.444692381,0.570153061,0.709575143,0.611182109
OGUNQUIT,-70.5986223,43.2468352,0.714126808,0.661662818,0.761687571,0.865079365,0.830296128
ORIENT,-67.8400137,45.8170031,0.306818182,0.435294118,0.586206897,0.693181818,0.674418605
ORLAND,-68.7378128,44.5706252,0.505154639,0.458634538,0.593424218,0.705128205,0.558776167
ORONO,-68.6719411,44.8831125,0.769630592,0.673866511,0.73089701,0.776475186,0.762831858
ORRINGTON,-68.7904626,44.7202096,0.441441441,0.405931418,0.526267281,0.631748962,0.522140221
OSBORN,-68.2361132,44.7788954,0.179487179,0.368421053,0.578947368,0.578947368,0.421052632
OTIS,-68.4528017,44.7122953,0.365914787,0.335051546,0.446428571,0.654040404,0.477040816
OTISFIELD,-70.5492259,44.0903488,0.474320242,0.414006179,0.62936345,0.707566462,0.564182195
OXFORD,-70.4931557,44.1317459,0.394135189,0.384576357,0.552004059,0.649697581,0.523592085
PALERMO,-69.4672352,44.4059902,0.423412204,0.383419689,0.535392535,0.648337596,0.474773609
PALMYRA,-69.3586588,44.8464519,0.320772947,0.327380952,0.470127326,0.6640625,0.499017682
PARIS,-70.5006152,44.2597917,0.430187038,0.436388509,0.576556111,0.713642503,0.586298932
PARKMAN,-69.4331038,45.1336651,0.330143541,0.308823529,0.471014493,0.585956416,0.405867971
PARSONSFIELD,-70.9286755,43.7270214,0.501149425,0.43817527,0.619331742,0.70971564,0.550435866
PASSADUMKEAG,-68.6166937,45.1853362,0.258883249,0.310526316,0.425531915,0.586387435,0.407407407
PATTEN,-68.4461424,45.9964392,0.274703557,0.336082474,0.50203252,0.686868687,0.506122449
PEMBROKE,-67.1619293,44.9536891,0.450226244,0.405594406,0.52764977,0.720823799,0.524590164
PENOBSCOT,-68.7111394,44.4645202,0.579500657,0.486522911,0.583001328,0.715231788,0.591755319
PERHAM,-68.1975086,46.8440085,0.285024155,0.378787879,0.47979798,0.607142857,0.556122449
PERRY,-67.0748807,44.974757,0.448888889,0.412844037,0.465753425,0.699095023,0.546697039
PERU,-70.4062771,44.5065458,0.387205387,0.401142857,0.606129398,0.697727273,0.577319588
PHILLIPS,-70.3395105,44.8231127,0.441056911,0.37966805,0.587628866,0.64375,0.526970954
PHIPPSBURG,-69.8147684,43.820638,0.525399129,0.494760479,0.64797048,0.72,0.617164179
PITTSFIELD,-69.3833847,44.7825145,0.425136612,0.423403053,0.528153153,0.718278368,0.617812852
PITTSTON,-69.7555995,44.2217367,0.411280101,0.38381201,0.554913295,0.658974359,0.504521964
PLYMOUTH,-69.2103252,44.7672891,0.314503817,0.330203443,0.490625,0.673879444,0.511664075
POLAND,-70.3936675,44.0606281,0.454455771,0.405114401,0.573391421,0.662307176,0.516020236
PORTER,-70.9332266,43.7961667,0.454912517,0.429166667,0.648760331,0.724043716,0.569060773
PORTLAND,-70.2568189,43.6590993,0.763430385,0.676571695,0.763391048,0.817897842,0.812374611
POWNAL,-70.1803764,43.9133191,0.574898785,0.444444444,0.620475698,0.645530146,0.552083333
PRINCETON,-67.5721648,45.2234034,0.310492505,0.370044053,0.534782609,0.686956522,0.522776573
PROSPECT,-68.8647555,44.5531298,0.461756374,0.386819484,0.528409091,0.64,0.517241379
RANDOLPH,-69.7666546,44.2306461,0.462264151,0.423913043,0.564463705,0.731471536,0.635969664
RANGELEY,-70.6427102,44.9656821,0.487210719,0.494974874,0.653846154,0.776529338,0.66583229
RAYMOND,-70.468437,43.9015631,0.537887271,0.469403269,0.632236095,0.705926765,0.572568389
READFIELD,-69.9667188,44.3878453,0.564136126,0.513898305,0.634422949,0.741356383,0.61197041
REED,-68.1436099,45.724382,0.179487179,0.260273973,0.386666667,0.618421053,0.453333333
RICHMOND,-69.8025788,44.0880682,0.458522727,0.44028103,0.581057525,0.691150954,0.58454387
RIPLEY,-69.3717134,44.9911704,0.333333333,0.315315315,0.484444444,0.632286996,0.50990099
ROBBINSTON,-67.1094283,45.0781324,0.396491228,0.489285714,0.485611511,0.745583039,0.578571429
ROCKLAND,-69.1089293,44.1036914,0.578176383,0.503951944,0.631034483,0.754616588,0.675039246
ROCKPORT,-69.0760975,44.1844817,0.610722611,0.581642512,0.683405069,0.769777357,0.691275168
ROME,-69.903486,44.5722051,0.517241379,0.448943662,0.63028169,0.735551664,0.566666667
ROXBURY,-70.593401,44.6697827,0.385542169,0.381147541,0.571428571,0.700819672,0.567901235
RUMFORD,-70.5508829,44.5536606,0.411458333,0.464136622,0.587855787,0.7426526,0.644292757
SABATTUS,-70.1031247,44.1152935,0.401558655,0.37213254,0.522556391,0.648842105,0.541473684
SACO,-70.4428286,43.5009176,0.594616557,0.514876292,0.620448618,0.706047382,0.675289454
SANFORD,-70.7742804,43.4391627,0.513723404,0.501824616,0.618035675,0.742499176,0.64579883
SANGERVILLE,-69.357317,45.1645956,0.352941176,0.353941267,0.424148607,0.603630862,0.496124031
SCARBOROUGH,-70.3344921,43.5901974,0.599810296,0.504878481,0.621218802,0.72876592,0.666283288
SEARSMONT,-69.1950411,44.3617419,0.502013423,0.438789546,0.563186813,0.642176871,0.539202201
SEARSPORT,-68.9038627,44.463934,0.466947961,0.457101658,0.545782264,0.667621777,0.604301075
SEBAGO,-70.677518,43.8872801,0.471921182,0.414560162,0.623612513,0.655276382,0.504568528
SEBEC,-69.1167087,45.2714408,0.381333333,0.310810811,0.478609626,0.587765957,0.424731183
SEBOEIS,-68.7111424,45.3631091,0.269230769,0.5,0.769230769,0.846153846,0.692307692
SEDGWICK,-68.6155184,44.3040651,0.61747851,0.504464286,0.618556701,0.749266862,0.581120944
SHAPLEIGH,-70.8481164,43.5406359,0.44604811,0.451936872,0.608137045,0.67844523,0.54985755
SHERMAN,-68.4178063,45.8711632,0.191275168,0.249140893,0.335640138,0.564846416,0.390625
SHIRLEY,-69.633903,45.3476081,0.213235294,0.358778626,0.488549618,0.616541353,0.473684211
SIDNEY,-69.7226248,44.4530868,0.408714597,0.369278169,0.50989011,0.666228647,0.495594714
SKOWHEGAN,-69.7193803,44.7650366,0.470964441,0.432212296,0.559611345,0.717045158,0.621387283
SMITHFIELD,-69.8294968,44.6303411,0.42680776,0.372050817,0.537769784,0.674460432,0.537477148
SMYRNA,-68.1203515,46.1644547,0.279069767,0.344,0.451612903,0.714285714,0.508064516
SOLON,-69.858391,44.949502,0.417562724,0.38077634,0.557407407,0.64825046,0.583793738
SOMERVILLE,-69.4889674,44.3092443,0.382352941,0.350746269,0.565055762,0.591078067,0.440298507
SORRENTO,-68.1772341,44.4734117,0.534031414,0.443243243,0.596774194,0.768817204,0.610810811
SOUTHPORT,-69.6586568,43.8409158,0.579196217,0.488038278,0.602870813,0.743405276,0.655502392
SPRINGFIELD,-68.1562304,45.376663,0.238993711,0.319727891,0.453333333,0.613333333,0.38410596
STACYVILLE,-68.4290992,45.8992168,0.264150943,0.318181818,0.37,0.554455446,0.36
STANDISH,-70.5509356,43.7355927,0.522655008,0.450587282,0.604608854,0.693828157,0.565720081
STARKS,-69.9661707,44.7306156,0.465189873,0.43,0.602649007,0.684210526,0.594684385
STETSON,-69.1431864,44.8919352,0.483695652,0.3484375,0.470404984,0.65576324,0.467391304
STEUBEN,-67.9652562,44.5107169,0.442831216,0.417307692,0.588235294,0.703632887,0.530097087
STOCKHOLM,-68.1394756,47.0422642,0.331081081,0.496453901,0.587412587,0.755244755,0.605633803
STONEHAM,-70.8125232,44.2503507,0.555555556,0.573426573,0.673611111,0.760273973,0.605633803
STONINGTON,-68.6666926,44.156192,0.591133005,0.515410959,0.612521151,0.767402377,0.674061433
STOW,-70.9850708,44.160623,0.619047619,0.505434783,0.679144385,0.795698925,0.583783784
STRONG,-70.2208981,44.8075572,0.369534556,0.339622642,0.523878437,0.624460432,0.519536903
SULLIVAN,-68.1518287,44.5265074,0.600660066,0.429059829,0.6,0.698145025,0.591452991
SUMNER,-70.4383944,44.3920113,0.410646388,0.343079922,0.510679612,0.589595376,0.476653696
SURRY,-68.5016874,44.4959099,0.558577406,0.482162162,0.580748663,0.747039828,0.627982646
SWANVILLE,-68.9978129,44.5211855,0.447257384,0.403762663,0.527377522,0.616929699,0.526695527
SWEDEN,-70.8228959,44.133285,0.576419214,0.506666667,0.698198198,0.748878924,0.65625
TALMADGE,-67.7541957,45.3386197,0.333333333,0.3125,0.454545455,0.575757576,0.424242424
TEMPLE,-70.2264519,44.6850592,0.516025641,0.450657895,0.655844156,0.709677419,0.578431373
THOMASTON,-69.1816955,44.0789574,0.528034067,0.508784773,0.638483965,0.757619739,0.668608886
THORNDIKE,-69.236966,44.6029084,0.498701299,0.42972973,0.561497326,0.649595687,0.524725275
TOPSFIELD,-67.7357917,45.4188893,0.274336283,0.272727273,0.254545455,0.54954955,0.324324324
TOPSHAM,-69.9759459,43.9275435,0.567805954,0.503488591,0.629532219,0.741935484,0.669555388
TREMONT,-68.3519157,44.2537017,0.597238205,0.486778846,0.631641086,0.779481132,0.642685851
TRENTON,-68.3700178,44.4389668,0.544061303,0.466045273,0.582345191,0.737254902,0.612732095
TROY,-69.2416622,44.6648414,0.437984496,0.392504931,0.558365759,0.631578947,0.510891089
TURNER,-70.2561671,44.2564588,0.408487204,0.396782842,0.522233367,0.647431621,0.47699594
UNION,-69.293927,44.2296917,0.476335878,0.454617206,0.587959343,0.70234375,0.551181102
UNITY,-69.3345032,44.6111643,0.511966701,0.449561404,0.614806867,0.692887931,0.56345733
UPTON,-71.0106316,44.6942207,0.266666667,0.413793103,0.389830508,0.610169492,0.517241379
VANCEBORO,-67.4300098,45.5626167,0.339622642,0.371428571,0.462264151,0.783018868,0.533333333
VASSALBORO,-69.6777605,44.4588807,0.456959315,0.440907109,0.566390945,0.692207792,0.548471616
VEAZIE,-68.7053114,44.8386814,0.546728972,0.528392685,0.567149758,0.752851711,0.68168744
VIENNA,-69.9847779,44.5333976,0.542857143,0.482352941,0.659883721,0.747093023,0.559766764
VINALHAVEN,-68.836749,44.0487345,0.633941094,0.60058309,0.691642651,0.846264368,0.68115942
WADE,-68.2264347,46.7841686,0.270072993,0.3984375,0.534351145,0.740458015,0.610687023
WAITE,-67.6902794,45.3256262,0.403508772,0.358490566,0.339285714,0.660714286,0.454545455
WALDO,-69.0761483,44.5125736,0.497663551,0.421836228,0.557457213,0.592682927,0.547911548
WALDOBORO,-69.3756017,44.0952725,0.458024209,0.440951229,0.553864638,0.687773795,0.565984757
WALES,-70.0608896,44.1523636,0.348300971,0.32290363,0.529120198,0.587360595,0.44625
WALLAGRASS,-68.5972677,47.1294837,0.392226148,0.532374101,0.523809524,0.808510638,0.624087591
WALTHAM,-68.3383535,44.7092404,0.325966851,0.234285714,0.434285714,0.596590909,0.375
WARREN,-69.2531464,44.116967,0.42878942,0.412480169,0.562532705,0.651809124,0.528012685
WASHBURN,-68.1567015,46.7882172,0.31016731,0.398648649,0.47114094,0.72386059,0.612466125
WASHINGTON,-69.3676576,44.2735583,0.421232877,0.400479616,0.567375887,0.64084507,0.518518519
WATERBORO,-70.7145912,43.5354332,0.520567376,0.432974702,0.593605991,0.676918655,0.560277537
WATERFORD,-70.7091738,44.1932639,0.472378805,0.42773208,0.589388697,0.69735328,0.523864959
WATERVILLE,-69.6317121,44.5520105,0.602589928,0.564169083,0.664549304,0.791188896,0.73682612
WAYNE,-70.0661649,44.3486793,0.606648199,0.564606742,0.676880223,0.723611111,0.630041725
WEBSTER,-68.1972396,45.4758958,0.590909091,0.428571429,0.454545455,0.636363636,0.545454545
WELD,-70.4214542,44.6986707,0.41580756,0.35483871,0.573943662,0.658362989,0.551971326
WELLINGTON,-69.5970206,45.0400981,0.403225806,0.466101695,0.533333333,0.591666667,0.571428571
WELLS,-70.5805209,43.3222329,0.582158817,0.579466046,0.686029936,0.762531106,0.695994278
WESLEY,-67.6608307,44.952297,0.333333333,0.297297297,0.434210526,0.546666667,0.386666667
WESTBROOK,-70.3711617,43.6770252,0.609140518,0.511338268,0.634967167,0.714034677,0.686714437
WESTFIELD,-67.9226825,46.5698715,0.275862069,0.417670683,0.587755102,0.722891566,0.592741935
WESTMANLAND,-68.236303,46.9755827,0.395348837,0.441860465,0.488372093,0.697674419,0.534883721
WESTON,-67.8780687,45.7331159,0.237037037,0.234848485,0.371212121,0.646616541,0.481203008
WHITEFIELD,-69.6253222,44.1700735,0.474860335,0.432189542,0.594967532,0.672594988,0.518760196
WHITING,-67.1755411,44.7909119,0.398203593,0.365030675,0.493865031,0.62804878,0.481707317
WHITNEYVILLE,-67.5233265,44.7220213,0.407407407,0.380952381,0.542056075,0.740740741,0.566037736
WILLIMANTIC,-69.4083826,45.3067165,0.341772152,0.266666667,0.434210526,0.586666667,0.386666667
WILTON,-70.2280983,44.5926953,0.427765727,0.422006186,0.578877596,0.671806167,0.59339207
WINDHAM,-70.398706,43.7588577,0.533184607,0.440631434,0.572916667,0.667121885,0.535542307
WINDSOR,-69.580599,44.3106263,0.404918033,0.393005828,0.573089701,0.671357616,0.519198664
WINN,-68.3326304,45.4512875,0.233695652,0.309392265,0.427777778,0.587912088,0.368131868
WINSLOW,-69.6203137,44.5459679,0.447876448,0.452078666,0.532901296,0.707772795,0.613522954
WINTERPORT,-68.8449792,44.6377864,0.485427616,0.404703577,0.513434294,0.66084425,0.531448074
WINTERVILLE,-68.644972,46.9544298,0.341085271,0.355932203,0.588235294,0.762711864,0.579831933
WINTHROP,-69.9769721,44.3050332,0.526116137,0.482809721,0.614045441,0.724300442,0.605621302
WISCASSET,-69.665583,44.0028921,0.467622343,0.482584553,0.606730286,0.72333001,0.621485944
WOODLAND,-68.1209284,46.8822935,0.268174475,0.429752066,0.512396694,0.709570957,0.556113903
WOODSTOCK,-70.5994659,44.4010489,0.428368794,0.422740525,0.623209169,0.697707736,0.56998557
WOODVILLE,-68.4427962,45.5014105,0.261538462,0.330645161,0.436507937,0.595238095,0.459677419
WOOLWICH,-69.8009529,43.9187038,0.507101526,0.448220065,0.603208556,0.687700535,0.579173376
YARMOUTH,-70.1867227,43.8006208,0.702400289,0.585716922,0.676583318,0.782433669,0.728773152
YORK,-70.6482581,43.1617483,0.645494479,0.631993007,0.735725737,0.828311401,0.79284742
